SampleID	Chr	Start	End	Length	Copy_Number	Confidence_max	Num_Probes	Num_Merged_CNVs	QuantiSNP_Overlap	PennCNV_Overlap	Two_Algorithm_Overlap
ALSPACXXXXXX	chr14	96122408	96134589	12182	1	15.58	8	1	0	1	0
ALSPACXXXXXX	chr19	43691318	43840088	148771	1	26.722	13	2	1	1	1
ALSPACXXXXXX	chr2	184686810	184694314	7505	1	15.347	3	1	0	1	0
ALSPACXXXXXX	chr21	47582102	47692798	110697	3	76.607	27	2	1	1	1
ALSPACXXXXXX	chr3	4092922	4101356	8435	1	15.506	6	1	0	1	0
ALSPACXXXXXX	chr3	175891932	175907342	15411	1	21.853	6	2	1	1	1
ALSPAC0XXXXX	chr13	111237260	111261267	24008	1	30.955	8	2	1	1	1
ALSPAC0XXXXX	chr15	32510510	32514926	4417	1	18.209	4	1	0	1	0
ALSPAC0XXXXX	chr19	54731679	54743217	11539	3	16.379	5	1	0	1	0
ALSPAC0XXXXX	chr12	32004170	32063002	58833	3	71.828	22	2	1	1	1
ALSPAC0XXXXX	chr12	63947694	64119185	171492	1	48.206	12	2	1	1	1
ALSPAC0XXXXX	chr15	94136730	94162328	25599	1	50.7481	19	2	1	1	1
ALSPAC0XXXXX	chr19	43675020	43840088	165069	1	43.894	15	2	1	1	1
ALSPAC0XXXXX	chr5	95717440	95809239	91800	1	49.241	18	2	1	1	1
